Iteration,Walker,Theta_1,Theta_2,Theta_3,Theta_4,Inner Cost,Outer Cost,Gradient Cost
0,0,-2.620042563650772,-7.534911344567172,-3.1669214025547667,-10.341837747583465,8.233387291611715,0.12519824875481922,8.108189042856896
0,1,-7.289434809705623,-4.640962697302145,-2.7271116604203485,-4.8739865908263145,27.38460654074555,0.6090902136552132,26.775516327090337
0,2,-8.620448859519156,-4.826057882842663,-6.963311781884785,-4.0888443921563224,0.03594167000203464,0.02278679450129685,0.013154875500737788
0,3,-3.184793403072029,-5.68968869570929,-2.389086400953623,-3.9070609329695833,63.14713469893703,4.3277499436809626,58.81938475525607
0,4,-6.526822770922047,-2.987009704514025,0.13769411080142202,-6.1674136684988055,6658.691259831395,428.1666358821861,6230.524623949209
0,5,-4.240202067130939,-7.4215867427105895,-8.611311537905449,-6.80407485957453,0.04922577719475168,0.022881973407243402,0.026343803787508276
0,6,-8.726137508089131,-2.02909994524856,-4.211692025235496,-5.687262057044079,1.3930360649008886,0.025204386287552456,1.3678316786133362
0,7,-4.0325764002963895,-5.853394024720199,-8.518952473018427,-3.4156107968870044,0.04930129188195956,0.02289516778876795,0.026406124093191607
0,8,-5.937067981000046,-5.791105526713328,-7.521000851556406,-6.495329001508533,0.03129340548763372,0.022785331785814853,0.008508073701818868
0,9,-8.393114114507888,-6.9658172124706175,-7.328184559805344,-4.252096079310267,0.032538079142210914,0.022783708594581207,0.009754370547629707
0,10,-5.630578491689962,-5.539198377843294,-6.171710565063734,-3.019055440149878,0.2250152426132191,0.02361741598056762,0.20139782663265146
0,11,-6.031469257211687,-3.9535201642905022,-2.581926575086267,-5.068277384588399,35.76709409370695,0.8492977681589768,34.917796325547975
0,12,-3.6627874599673493,-6.351387093854406,-3.0996771950388817,-2.8886643309553115,134.00622038701854,20.893188600342665,113.11303178667588
0,13,-5.173509786344198,-2.522484759093684,-5.01757377980929,-5.66003020052723,0.26143071189309297,0.023082706501886697,0.23834800539120626
0,14,-6.0292315545285184,-7.96660816178022,-4.4176703871209035,-2.9777610308765365,8.945812770637037,0.4636226509443618,8.482190119692675
0,15,-5.324919400444008,-6.212085246064008,-5.547424584561835,-2.7857303764526598,2.3415976926201725,0.06680359298448307,2.2747940996356895
0,16,-5.721243018664197,-8.11740864032469,-5.337447200784785,-9.050255311831236,0.15811817580270815,0.022878142286559912,0.13524003351614824
0,17,-6.05238750464941,-4.952575271156412,-3.0093312051703833,-4.3491845776995275,17.21528567274372,0.43211772884480637,16.783167943898913
0,18,-8.835195574464452,-4.395510368301486,-4.613415875570345,-5.871650535945116,0.6421239477327125,0.02357275270276533,0.6185511950299472
0,19,-7.035582152567616,-3.3353309852857524,-6.364769403522308,-2.3597441383885145,12.694635014679585,0.6793274028136607,12.015307611865925
1,0,-2.576728389995278,-6.620261857041669,-10.327116533370658,-2.8347918976229125,0.5271203688592041,0.04136103250526506,0.48575933635393903
1,1,-4.375221360357152,-5.616684353641683,-3.928720930821898,-6.220502284156091,2.194638974564472,0.029988832469579813,2.1646501420948923
1,2,-3.500872321199239,-10.866864265236696,-7.290898783563369,-5.915444858326859,0.10268082517991663,0.02358931431093313,0.0790915108689835
1,3,-9.403160624384524,-4.833027141548632,-6.508355053443476,-5.537639299035822,0.04338080925498903,0.02279018114780704,0.02059062810718199
1,4,-6.624765892924191,-2.756426535476289,-8.90767419500646,-2.894180556443843,0.02978395667945872,0.022782257827599187,0.0070016988518595315
1,5,-8.041472483524133,-4.345706831607608,-10.58361165258501,-5.394079378167943,0.03038824701439096,0.02278531738815795,0.007602929626233011
1,6,-5.206061614082987,-4.72790859065945,-8.040205510516277,-7.651148849449289,0.031253325292059826,0.022790431017126665,0.008462894274933162
1,7,-6.988852960994265,-8.596972947217381,-5.934172259001657,-2.6724903153047923,2.2506908659730813,0.055486019503972986,2.1952048464691085
1,8,-6.426963401096922,-7.097221051269465,-6.900827628148774,-3.283033324058527,0.04495492105458571,0.022805451060468922,0.02214946999411679
1,9,-6.4711474620661145,-4.52599601305424,-8.290286370347212,-5.937413457744905,0.030469288817985697,0.022785029390512225,0.007684259427473472
1,10,-8.130481445936557,-2.0604927670836934,-1.5217011884706748,-6.14785728656448,278.0574187531187,9.78905509117658,268.26836366194215
1,11,-5.88223821545226,-5.931026372787412,-6.177353803266794,-4.041613980642724,0.0551817497072009,0.022813012963600648,0.032368736743600246
1,12,-4.346023691327192,-8.020253936195543,-10.675119758724978,-6.356355896981798,0.04805601952914701,0.022868412305457306,0.025187607223689703
1,13,-6.190950844729427,-3.2200909953077996,-0.7426887020651547,-5.726040048181767,1240.8308831836212,50.19187189513458,1190.6390112884865
2,0,-4.02487275513494,-3.715768533515588,-5.6690760972238055,-4.198247283022172,0.06901434273078727,0.0228653837701656,0.04614895896062167
2,1,-9.647556471754031,-9.861062474653764,-7.698515831032473,-9.971536310193208,0.03147962802832674,0.02278374845629185,0.008695879572034888
2,2,-3.6355668721253567,-5.773479992560111,-8.182854475310782,-7.164038912996566,0.0815895369451553,0.02318765379748467,0.058401883147670634
2,3,-10.655847382614844,-3.38197352467751,-13.109696261282892,-3.275481005476423,0.030382135964068423,0.022785190118085028,0.007596945845983395
2,4,-3.381914453957723,-2.908766455729671,-6.195833780335831,-3.943577752419216,0.045088075626138036,0.022791261848868694,0.02229681377726934
2,5,-8.99892196830697,-8.34956885444261,-7.897357331756865,-7.4351275689139475,0.031066961039409906,0.022783874654644844,0.008283086384765062
2,6,-11.580888946870713,-3.562553515307499,-9.937037776196936,-5.533493227249408,0.030378584086772666,0.022784920839869494,0.007593663246903172
2,7,-7.651057481098777,-5.573997992283941,-9.703140022244426,-7.689846519932148,0.030427624115518956,0.022785414325042844,0.007642209790476112
2,8,-3.24701090212933,-4.137940822041971,-5.1645220676929675,-10.0909547720405,0.10456097933550391,0.022846986061266148,0.08171399327423777
2,9,-8.6971675209199,-4.153122862144136,-10.353893799038989,-5.608896970913394,0.030380268943987893,0.022785134111973485,0.007595134832014409
2,10,-2.7499116506027734,-3.672817844434591,-9.074816186304817,-4.556495384139703,0.13432037447877562,0.02352205370403294,0.11079832077474268
2,11,-3.0332758578916703,-6.911091706675409,-7.1178711122969025,-6.380510580126238,0.2081941927538139,0.026412417883001738,0.18178177487081215
2,12,-1.7249303378427854,-6.911663815362509,-6.540770987364287,-5.0603546847699565,2.3124813233112858,0.2417075652097453,2.0707737581015406
2,13,-5.82401554415685,-3.4020721163503027,-10.59738084587639,-4.112347329885648,0.030327315702751927,0.02278620277815971,0.007541112924592218
2,14,-3.3856994648639636,-5.45110729178618,-6.797759086975399,-5.458704050108483,0.08443609093001338,0.023385579913498385,0.06105051101651499
3,0,-4.597428509262403,-4.389849108283127,-8.441579475662415,-4.928626940129373,0.03341098847285264,0.02280046133650457,0.010610527136348073
3,1,-11.602559724267309,-1.2123130894875178,-14.17576363631672,-1.9433689040351583,0.302551287229541,0.025137301047888087,0.2774139861816529
3,2,-8.107024032012367,-13.014590359131962,-2.5021197094721845,-3.700022676745025,67.18029000690497,5.08054866484187,62.0997413420631
3,3,-10.286715611429656,-7.414039032147571,-9.621778536109334,-10.057800467554019,0.030397944097625106,0.022784892253103324,0.0076130518445217815
3,4,-4.289346541925037,-2.705635954336784,-10.00453691136665,-3.661304859650131,0.038420430471783944,0.02278467568924243,0.015635754782541512
3,5,-7.998546480708782,-8.194163956173794,-7.268566069705022,-9.151025646260235,0.03296419373444219,0.022783849693696297,0.010180344040745894
4,0,-9.02985953550439,-2.707347609885649,-6.956203649878176,-5.147057540561138,0.03538019354689174,0.02278512551540431,0.012595068031487428
4,1,-4.6200912649249,-7.5260599911134705,-10.125026723328801,-5.798437377652522,0.0405097916782191,0.022829110062784617,0.017680681615434485
4,2,-10.085730383799753,-4.098630284870321,-8.710898450746003,-5.815200130188118,0.03046511530373497,0.022784360490393573,0.007680754813341396
4,3,-7.311440783626427,-11.668481556369528,-7.948093291493602,-10.005243270336226,0.030914673168773023,0.022784351808225002,0.008130321360548021
4,4,-8.282952308207367,-5.78896196564127,-8.43726571273526,-7.18463171116894,0.03056721760261844,0.022784399524285813,0.0077828180783326255
4,5,-2.5598499014389144,-3.3488779988266963,-6.311528363979953,-5.892427103791606,0.07849943378672153,0.023077098890734393,0.055422334895987135
4,6,-5.402236131413421,-9.541084734270644,-6.841138618514895,-8.997834720056208,0.03447574527755175,0.022786433254666314,0.011689312022885433
4,7,-5.5226472683154135,-5.979949747238812,-8.936836034202786,-9.606350062718898,0.031686888292594514,0.022791869636068784,0.00889501865652573
4,8,-7.572169668972851,-6.174822632085895,-6.457366958360004,-6.154877954396636,0.04422259907574689,0.022789696109776592,0.021432902965970297
4,9,-8.842263254600997,-6.598201865282412,-1.9320930810983112,-3.6274787130354174,208.07989121252297,15.363184282900132,192.71670692962283
4,10,-6.393536721346785,-9.056550705416203,-8.950231603042717,-8.958243939221983,0.030718728693596445,0.02278700575176798,0.007931722941828465
4,11,-9.831925277364666,-2.947156574017734,-12.104917850569988,-3.41689664684875,0.03036527247773536,0.02278513766398897,0.007580134813746392
4,12,-5.590960390700054,-2.122851718027928,-4.7452328509091295,-3.817217176633395,0.7407887422880243,0.025840863669957394,0.7149478786180669
4,13,-10.564395584434806,-13.483249575415277,-9.974406160109673,-10.179878622056247,0.030392286775402007,0.02278500142306756,0.007607285352334448
5,0,-10.717983800880589,-4.967426168609769,-6.824690478200729,-3.170304684855002,0.061793434849993556,0.022838554196861597,0.03895488065313196
5,1,-8.761929117752727,-6.442961711965754,-9.866053002437177,-6.167999021761916,0.030397551180186413,0.02278509976344007,0.0076124514167463415
5,2,-4.936154628847053,-8.503932980140805,-7.880214720341867,-6.492017904478758,0.03407450144039859,0.02280214196838069,0.011272359472017903
5,3,-6.871836973842494,-5.53270867190332,-14.42178324760824,-2.948629444631994,0.030570272149494586,0.02278657464393329,0.007783697505561297
5,4,-11.548619373144675,-4.310551591475404,-8.733146123499482,-5.539407979967855,0.03045567361877604,0.022784333458647596,0.007671340160128444
5,5,-10.958790887584906,-9.982662381524275,-10.685422443943612,-7.2410572740381385,0.0303905186739154,0.022785109980732025,0.007605408693183376
5,6,-9.255596137406487,-11.226730311612688,-9.952818019288172,-6.301134644806095,0.03039460161817494,0.022785062269506197,0.007609539348668742
5,7,-10.002298814383431,-8.269140285448097,-7.070804176340322,-8.220389689978818,0.034537621197315495,0.022784295234395204,0.01175332596292029
5,8,-7.888196263753913,-5.608571859179843,-7.431829189541568,-5.139553720416627,0.031989611831698475,0.022783566756630652,0.009206045075067823
5,9,-5.156363481291782,-4.929691625217844,-8.265807460359722,-6.431934366746363,0.031686021922245115,0.022792534536760185,0.00889348738548493
5,10,-10.250168854501167,-5.410367266049095,-9.071297453782837,-6.5154186911442675,0.030420945237893543,0.022784620978041625,0.007636324259851918
5,11,-7.081027045464906,-4.236399674504211,-5.799710162768347,-6.37626868568685,0.08424217215261949,0.02282090926323797,0.06142126288938152
5,12,-8.837021193267713,-10.219572793921687,-8.456791806076513,-7.262984025217958,0.030571906820142006,0.02278434664600468,0.007787560174137325
5,13,-4.967984474939777,-9.501462793122004,-5.734449684649043,-10.009498492470826,0.07588398402905877,0.022804324223233297,0.05307965980582548
5,14,-6.727768874452238,-6.084328758390392,-7.869940630416596,-5.2138328609199505,0.03077270701551639,0.022784300164740336,0.007988406850776054
5,15,-9.133581733150685,-11.540221815888653,-10.676572154562635,-10.302265334722426,0.030403065605321654,0.022785226094862943,0.007617839510458711
5,16,-8.264948505979248,-10.730809999312488,-9.901273188569814,-11.542230481167543,0.030419596554024198,0.022785277333593465,0.007634319220430733
6,0,-9.489983723908056,-9.876659861605038,-6.094026461255653,-7.219160611542351,0.06118606989583459,0.02280124554940734,0.038384824346427246
6,1,-10.545824807354338,-8.662701049183578,-8.10411288328918,-7.1205384489418995,0.030826769118205963,0.02278395956368203,0.008042809554523932
6,2,-7.71117382072544,-10.206438662028331,-8.670155764788106,-5.1669131351823285,0.030443297098123833,0.02278466775689799,0.007658629341225843
6,3,-7.266698836762463,-8.624880813556663,-8.675870348926937,-5.214852473021264,0.030455552263547445,0.02278497976689061,0.007670572496656834
6,4,-6.781910767496194,-6.018969294967496,-8.193476345619152,-4.523438382319593,0.030437038142325856,0.022784403927676403,0.007652634214649453
6,5,-9.853200944260715,-4.423981645731052,-6.00889921892661,-5.203211771203444,0.06708985523930062,0.022812632070806773,0.04427722316849385
6,6,-10.653616129330668,-8.215500522864454,-8.058140290582264,-4.831655303700967,0.030761748092169656,0.022783621739792,0.007978126352377657
6,7,-8.5423534753909,-7.0005277152952985,-7.930565492437227,-7.165175571901619,0.08488798615667795,0.07543415324807215,0.009453832908605797
6,8,-4.629941435213287,-8.092021871871006,-8.901412748067344,-3.323111067492645,0.0367889283574571,0.022817032568492414,0.013971895788964683
6,9,-8.420696083230627,-7.592313894449823,-8.878041936107604,-5.608537901937832,0.03043016894582008,0.02278465704014848,0.007645511905671597
6,10,-8.53937673851089,-3.606275783460253,-10.775103186404097,-5.795075977528563,0.0303760424705366,0.02278517582787173,0.007590866642664871
6,11,-9.090945119996729,-3.3373814289357484,-8.01296600730383,-5.57708855396257,0.030844674102719523,0.02278377153160618,0.008060902571113342
6,12,-7.880589789963514,-3.8843161892392346,-9.990372011060524,-2.9510760899884927,0.02990495417773642,0.022783940612843674,0.007121013564892746
6,13,-8.35394300158321,-7.078875608869434,-8.332654251901712,-5.914972734428811,0.030595562112340095,0.022784238108748744,0.007811324003591351
6,14,-8.779182384642388,-7.433548771111338,-7.46937785267024,-8.400737162526486,0.032127193107681036,0.022783734933724042,0.009343458173956994
7,0,-10.242115330723905,-3.934317916914633,-9.933550880027262,-5.53610405018346,0.030377626967204346,0.022784937391317612,0.007592689575886734
7,1,-10.48025859195421,-8.478454020006513,-9.386492537243575,-7.499989144584043,0.03040404784498326,0.02278479716356901,0.007619250681414249
7,2,-9.818021564908177,-10.966716691411971,-6.713836089201304,-7.09115837913646,0.03903367170111208,0.022786447012764804,0.016247224688347273
7,3,-9.386383106160512,-4.987959201041556,-8.449324721750141,-4.767400871768289,0.030482913826540593,0.022783991808500346,0.007698922018040247
7,4,-8.731588126320252,-4.847083031828665,-10.37189793341864,-4.738111848139687,0.030377887383057744,0.022785135043460546,0.007592752339597199
7,5,-8.417690002053742,-6.842999934630278,-7.8452472732357466,-2.2953101053429052,1.3460466267619982,0.03227447169943849,1.3137721550625596
7,6,-9.00093761968532,-8.292699406944445,-8.193747387642892,-5.9756720081941515,0.03070199123805325,0.022784034576205765,0.007917956661847483
7,7,-8.994780572525025,-6.797831988913313,-8.057960108902474,-7.695568415023475,0.0308623209176292,0.02278400552668684,0.008078315390942361
7,8,-10.485885305787857,-8.28952367560486,-7.882784007339138,-5.551262164460577,0.031046739586557896,0.022783684203901186,0.00826305538265671
7,9,-8.808003778152166,-4.75634940838986,-8.9937978528066,-3.1992733690135218,0.029965882786007977,0.022783100398504015,0.007182782387503962
7,10,-6.702321488915048,-9.727994630111759,-8.241710347561026,-5.441335349081031,0.030594293533110183,0.02278514278733855,0.007809150745771633
7,11,-10.445368447783904,-7.502972613865309,-8.050551890058587,-6.838718580190559,0.030878063871757747,0.022783912531811897,0.00809415133994585
7,12,-6.320120977530301,-4.592129751955861,-8.48894944976393,-2.8644673860292866,0.03027780329650536,0.022782178675744957,0.007495624620760404
7,13,-6.416980202295717,-5.381334935696064,-7.157678106282355,-4.020078577714699,0.032624642650622336,0.022783572235012803,0.009841070415609533
7,14,-8.143817634845867,-5.005116096553944,-8.567278879160364,-5.7553421642125215,0.030481057462661856,0.02278442773184396,0.007696629730817896
7,15,-9.05474405618846,-7.269539028230611,-7.314517072560388,-8.3553224677549,0.032833984643287295,0.022783812515663776,0.010050172127623519
8,0,-6.909964477815944,-2.806122050879732,-8.100579759432875,-3.204546033065226,0.030753992571525255,0.022782648837419636,0.007971343734105619
8,1,-8.60967063604007,-9.812989980946465,-7.88950550803183,-5.829687569385038,0.031011996135262482,0.022783805338534385,0.008228190796728097
8,2,-7.387686043257908,-6.402515377390028,-8.276656247814497,-2.9730821881001415,0.03102498361578479,0.02278276184925541,0.008242221766529379
8,3,-9.180558491331556,-7.405144288814987,-8.294795869726213,-8.389397769981354,0.03066905024346815,0.022784193877788118,0.007884856365680034
8,4,-8.747447321713727,-6.172030301042635,-8.294913026496468,-4.173975920720538,0.030458054106823174,0.02278358532985701,0.007674468776966165
8,5,-8.279549114321593,-7.000109239167989,-7.733832447657328,-5.676482703878537,0.031249196017485985,0.02278370549174956,0.008465490525736426
8,6,-9.756984904316278,-7.624485794663528,-9.907131240077515,-3.155650272361413,0.030096187909792613,0.022784140462456835,0.007312047447335778
8,7,-10.893266441668603,-5.16359094574188,-8.124191125794667,-5.788262311616935,0.030770707199015302,0.022783886273288763,0.00798682092572654
8,8,-8.81116841099002,-4.885048012170901,-8.148957129787453,-4.21565877609198,0.03056324447669165,0.02278344492071777,0.007779799555973882
8,9,-11.049800415213163,-4.968974534344803,-7.2162938455006564,-3.069050598268663,0.048637835371818795,0.022811280250110564,0.02582655512170823
8,10,-10.535760966007109,-6.3653957973416855,-8.067175422229122,-4.775778775075401,0.03074566606856165,0.022783621526044257,0.007962044542517394
8,11,-9.770372603245617,-8.10502178772808,-7.630285143671436,-6.01383837351022,0.03158726229240294,0.022783636219924127,0.008803626072478813
8,12,-4.902606482113196,-8.382584738414183,-7.8590308341165835,-6.47085018120075,0.03430708386031777,0.022803238545164136,0.011503845315153634
8,13,-8.460063504156524,-1.51371448443561,-8.57050962915112,-4.272691396944084,0.3260826585668009,0.025579530596491994,0.3005031279703089
8,14,-7.132918976784279,-6.295185321908543,-6.766675384319216,-6.249913068125062,0.03726607007965177,0.022785394997797217,0.014480675081854553
8,15,-7.261657499835146,-6.123121674242215,-8.27077091020076,-5.043312789058829,0.030521827259693324,0.022784394107805136,0.007737433151888188
9,0,-8.639393394651956,-4.173444757416761,-8.988478427581919,-3.7393239570109693,0.030211471529254918,0.022783956466021164,0.007427515063233754
9,1,-7.097204516871172,-4.390265010634034,-8.042179211736672,-3.1894164701843746,0.030816022513783806,0.02278251887240316,0.008033503641380644
9,2,-7.441073196881951,-6.197240700284136,-7.3545332567711,-3.239751100638719,0.03650342777374573,0.022789725176518366,0.013713702597227366
9,3,-6.497420507982272,-3.7550057419803253,-8.328443339757928,-3.7526966825674166,0.030029592580823883,0.022783356770949552,0.007246235809874331
9,4,-8.852705147812594,-5.867214991636718,-7.543233181349087,-3.4860693850326836,0.032605561688592646,0.022784149767098236,0.00982141192149441
9,5,-7.918164235611266,-5.070178380023005,-7.9821870551674765,-4.114238410531321,0.030640622226560048,0.0227832675859291,0.007857354640630948
9,6,-9.918432811945642,-4.994446235718009,-9.755631558283836,-4.715810224032703,0.03036132247758793,0.022784838255597992,0.007576484221989938
9,7,-8.090802844418825,-2.9809272196915972,-8.989669598343864,-4.034777653941369,0.030242812433663266,0.022784145037133167,0.007458667396530099
9,8,-10.086223690566825,-6.461367538144248,-9.02976484099914,-3.836475603218311,0.030257455389956275,0.02278404158681036,0.007473413803145916
9,9,-9.030126474125037,-4.854356398602107,-9.348323964345804,-2.2856898885923034,0.08910282547874929,0.022870127585407393,0.0662326978933419
9,10,-6.441630062106717,-1.9126727013343379,-8.202790157766115,-4.286342298336937,0.07929743876039747,0.022856670674494366,0.0564407680859031
9,11,-9.470197370803962,-5.200974912487008,-9.524424280197366,-4.49244328806818,0.030347518750784126,0.02278472410283897,0.007562794647945157
9,12,-8.457828065801275,-5.6292164401831775,-8.81776117108685,-4.072710617871462,0.03029826874692726,0.02278412506770489,0.00751414367922237
9,13,-6.510757178016498,-2.4493010192652265,-6.780393760274455,-5.718460816342011,0.035620454116048694,0.02278594759056592,0.012834506525482774
9,14,-7.847368801714541,-6.716305516679731,-8.145877490244796,-4.619679667152906,0.030576098387673206,0.022783837452755095,0.0077922609349181104
9,15,-10.91314761004241,-7.570133765668619,-9.004880812627832,-8.327622717360903,0.03043826470996108,0.022784602284166195,0.007653662425794884
9,16,-10.779833542185953,-6.698565192796871,-7.386397995885854,-6.632610989633153,0.03249493834266027,0.022783727074520695,0.009711211268139574
9,17,-8.363075404122439,-4.116250223590496,-7.7250301931721985,-3.9633344371885078,0.03115423288668447,0.022783077954070478,0.008371154932613992
9,18,-7.772766945752969,-2.2711285127913636,-8.376377770731489,-3.034385466997639,0.03069503644506413,0.02278259471802894,0.007912441727035188
10,0,-7.126299490221783,-3.9264141294874353,-9.22417646426451,-2.569964446519063,0.03173851033635991,0.022784380145337166,0.008954130191022744
10,1,-8.865191562543735,-4.90669062467104,-7.195238968648921,-4.929478640784255,0.033321806459658,0.02278400186874153,0.010537804590916473
10,2,-9.068131360853192,-6.775471315770323,-7.989839082018034,-4.274699245989733,0.030739418251400114,0.02278336008804173,0.007956058163358384
10,3,-7.500537400307741,-4.966855485075568,-6.916090818839618,-5.688596007012071,0.035493748963320096,0.02278478047986593,0.012708968483454167
10,4,-8.554035075335712,-5.080220747236297,-8.76581311486258,-3.3045386391022125,0.03003756077767069,0.022783029913061394,0.007254530864609296
10,5,-9.802869413168064,-5.905272766573525,-8.286809245078643,-4.999188397979463,0.030589297699980377,0.02278390290859046,0.007805394791389916
10,6,-6.874840905899765,-4.02445574195741,-8.990141911866353,-2.583880160963357,0.03345218960597999,0.022786210814146758,0.01066597879183323
10,7,-9.386833413847238,-5.4122403613733985,-7.957409542663594,-4.288186561033722,0.03079319104606834,0.022783320993274875,0.008009870052793466
10,8,-9.076071501802971,-5.9489504275018525,-8.756052943919569,-5.992741354274585,0.030458804462156673,0.022784476596370812,0.007674327865785861
10,9,-9.365071294772775,-7.550230157299288,-8.50326791381424,-5.747228394084072,0.030526567649865093,0.022784251745792735,0.007742315904072358
10,10,-8.455949624796485,-3.228273753510452,-8.703492836280816,-3.632800361778588,0.03018203822187958,0.02278345749220353,0.007398580729676047
10,11,-7.576988530483301,-4.234609058641789,-9.155098377491239,-4.654199358021993,0.03032842101074544,0.02278478971806105,0.007543631292684389
10,12,-7.956394723833442,-1.6898198561553097,-8.768953481614213,-2.05377318314206,4.951061351478203,0.13812220998719923,4.812939141491004
10,13,-8.359313234435444,-4.417814277638823,-8.54916342786026,-5.376611806304717,0.03046864289529398,0.022784297023576993,0.0076843458717169855
10,14,-6.467545972735111,-4.1238176575169625,-7.798271752181871,-5.326420538223211,0.030712672842933615,0.022783950053746664,0.007928722789186951
10,15,-7.152791667570321,-4.361698282562283,-8.922015084135364,-3.6871885515104363,0.030122623913715896,0.022784139366746718,0.007338484546969178
10,16,-9.165082851149126,-5.837898132651664,-7.740127300019982,-6.371979059189945,0.031327152735530786,0.022783725073717002,0.008543427661813784
11,0,-9.043818845457565,-4.638654636565226,-8.164028589544833,-3.3332732039693975,0.030595382255921445,0.022782602185305038,0.007812780070616407
11,1,-6.582241062444107,-4.219955998678218,-8.645525121057888,-4.760949774258836,0.030298015392691554,0.022784919599293352,0.007513095793398202
11,2,-8.236950214085915,-3.977787954520871,-8.09976628962947,-3.6747982432052932,0.03051067798261558,0.022782894150451996,0.007727783832163583
11,3,-10.316396827841935,-5.164221630647784,-8.679391682464626,-2.9054748981357017,0.0304647312818902,0.02278252883623641,0.007682202445653791
11,4,-10.018839290202777,-7.217422239144432,-9.873993708448499,-4.314855489013227,0.030347686915902145,0.02278483396440268,0.007562852951499464
11,5,-7.641483253849814,-4.298542962263394,-8.325735512278861,-3.5216608019968327,0.030208227983214427,0.022782872927110762,0.007425355056103665
11,6,-8.601603700120412,-4.224038232791115,-7.502458206704712,-3.79233855290308,0.03208013179379236,0.022783533553118504,0.009296598240673859
11,7,-8.216650336009085,-4.751646951952959,-8.942312977937195,-2.415603452618126,0.061309722943390904,0.022825495091953047,0.03848422785143786
11,8,-10.76102502112032,-7.082963696100387,-7.8935123517823005,-6.369739162448157,0.03107493066711304,0.02278377147564358,0.008291159191469458
11,9,-10.96782416860366,-5.856101207240345,-7.696126854211924,-5.093171827146941,0.031364151203936624,0.022783513618141963,0.008580637585794661
11,10,-8.270111606674797,-6.530406922722273,-8.107192042773757,-6.026201357569061,0.030753062018998745,0.022784054423871825,0.00796900759512692
11,11,-7.450644561263987,-6.2148095337213825,-8.133657052742592,-3.208458277891161,0.030527362301027778,0.022782354742363297,0.007745007558664481
11,12,-9.721428379236192,-7.636709948701405,-7.910672294029178,-5.74149322692257,0.031008317160790024,0.022783743343710583,0.008224573817079441
11,13,-9.72733317508458,-6.00380526472891,-8.507337774455758,-4.54751257214497,0.03044372019524496,0.022783964258088745,0.0076597559371562145
11,14,-9.18658761089165,-6.192235443260383,-8.895181500401495,-5.787287829319608,0.03043087629511476,0.022784558453279924,0.007646317841834838
11,15,-7.874468891897472,-4.692524344502902,-7.405124934578275,-3.0091666401825976,0.04457202159196383,0.022803853425249883,0.021768168166713946
11,16,-9.911905398715902,-5.421449094381944,-9.225922134454844,-7.634120012297753,0.03041321838142217,0.022784751380997188,0.007628467000424983
11,17,-9.638266717584997,-6.037850393101933,-8.10913068788193,-3.901268451200062,0.030580318490293718,0.022783144623246113,0.007797173867047605
11,18,-9.11567773987718,-6.549820888994205,-8.392209485242889,-4.923534992715215,0.030519777444046062,0.022784016087823617,0.007735761356222445
11,19,-9.792873033355892,-6.122297126700848,-8.005681988067181,-6.492917311132036,0.030915610972199026,0.02278387104990058,0.008131739922298445
12,0,-8.644449664287253,-3.9973174440693535,-8.648714625936847,-3.0975200117925694,0.030076111851560727,0.022782461611274687,0.00729365024028604
12,1,-8.686837422550752,-6.412365998329745,-8.341726666672962,-4.833231432831471,0.030525974090651116,0.022783978442723844,0.007741995647927272
12,2,-6.218651805609181,-3.0046377728088283,-8.797352989462167,-3.2486562486334325,0.02969132654807189,0.02278287546216661,0.006908451085905279
12,3,-9.610773318674113,-7.347556073306835,-8.461273185167947,-3.6349921821866107,0.030283963434684754,0.022783176687462388,0.007500786747222366
12,4,-8.09660078884426,-6.7694796790719725,-7.9800048353353485,-5.909464562702302,0.030868558005973726,0.02278395635605245,0.008084601649921277
12,5,-8.90986914240823,-4.200973896154174,-7.533758961348182,-3.718178879034414,0.03207211282707683,0.02278355078795822,0.009288562039118611
12,6,-8.56746277682069,-3.444343917111195,-7.770329941133551,-2.129255688471368,11.973791681640902,0.6516309182795897,11.322160763361312
12,7,-10.104917076479738,-5.285418995825372,-8.799988739209173,-4.8608389601004465,0.030406548530678885,0.022784295271243822,0.007622253259435063
12,8,-9.368723483554783,-5.829353251508457,-8.683563209410497,-2.292794502899988,0.2654889549797805,0.0233453985958716,0.2421435563839089
12,9,-9.084548164221667,-4.153187277146897,-7.642336640924959,-4.038656453824691,0.031423564656424235,0.02278319560932188,0.008640369047102355
12,10,-9.227890103473495,-6.905735113262155,-8.472866432644022,-4.350584417568164,0.030423821616418392,0.022783858352027384,0.007639963264391009
12,11,-8.804228415141694,-4.630391762370713,-7.127498445911971,-4.919291326346087,0.03379759013315829,0.02278424837217909,0.011013341760979203
12,12,-9.364053705470543,-7.573596522776494,-8.375643939400886,-2.4441155331963453,0.11645360795521525,0.022934871073196455,0.0935187368820188
12,13,-6.5541121122642885,-5.823597998337537,-7.747499536255945,-3.5190715469252094,0.030565624599406514,0.022782381503179527,0.007783243096226987
12,14,-10.204485885715304,-3.303574690131711,-8.405992624053836,-2.741783385283118,0.0354958696374055,0.02278853692567601,0.012707332711729493
12,15,-10.785569765280771,-8.80356840832956,-7.961785862868686,-4.708342451700794,0.030859356623732462,0.02278352326614694,0.008075833357585521
12,16,-7.345201391879486,-5.483935269442251,-7.452505070673955,-3.6139905502767706,0.03226425913153737,0.022783631856640577,0.009480627274896791
13,0,-8.812933968538154,-6.125384322785348,-8.668031856404452,-4.382624503904453,0.03037321066839135,0.022784126588071236,0.0075890840803201146
13,1,-7.101864740370089,-4.5985756630298695,-8.046545556773797,-3.0715035274859965,0.03141922675782748,0.02278308958797872,0.008636137169848762
13,2,-8.270315775388259,-5.972484773242815,-8.813077448702575,-3.641334136217947,0.03017527953390778,0.022783732710198755,0.0073915468237090234
13,3,-5.536940909041503,-3.862104188739215,-8.890757120700217,-2.8972006673143107,0.02901718915350599,0.02278238903662657,0.0062348001168794215
13,4,-7.8553005056693515,-4.7697372316440525,-8.030099000732207,-4.412718013438632,0.0306315847650509,0.022783528039480642,0.00784805672557026
13,5,-8.77233049198652,-5.182160298088724,-8.247976449724217,-3.134063376825731,0.030731922132147645,0.022782580006390184,0.007949342125757462
13,6,-7.617424304056014,-5.016447983290201,-8.155101495932984,-3.3117062730812066,0.030419128340881434,0.022782446384113003,0.007636681956768431
13,7,-8.882722017907644,-5.334025731127615,-7.336747517433312,-4.286751938579297,0.032556559720136574,0.022783733744814988,0.009772825975321586
13,8,-7.755258131451648,-3.874143055488562,-7.502025748730073,-3.3076933029120776,0.03398960708130523,0.022786031400434996,0.011203575680870236
13,9,-6.408665510581157,-5.22807150125405,-8.343642314450385,-2.089905111168781,6.6879477173824915,0.23235558736295042,6.455592130019541
13,10,-9.056727578997101,-6.494709286878347,-8.111138370488371,-4.317627389017463,0.030620438311526145,0.022783491779626092,0.007836946531900053
13,11,-7.409425197211603,-5.220624002647285,-8.244150150778564,-2.928537264632958,0.03176926622533137,0.022783577673623958,0.008985688551707411
13,12,-7.426755061359638,-5.853013751069587,-7.46325595189494,-4.473777417562555,0.03168026430265496,0.022783359149541695,0.008896905153113269
13,13,-9.3109562535823,-3.824607225497397,-8.637117699707693,-3.522028231576897,0.03018517822510499,0.022783213144310026,0.007401965080794964
13,14,-8.10435053710475,-3.3979683882349536,-8.338893681557463,-3.0768976611915777,0.030642392520951085,0.022782548160707756,0.00785984436024333
13,15,-7.993601231987821,-5.973767767545901,-8.206790090138924,-4.503069256295726,0.030526536248863163,0.022783802337470013,0.00774273391139315
13,16,-8.337523131098784,-4.502490739871427,-8.350493965663603,-4.298967954360879,0.030432031145123693,0.02278373924262045,0.007648291902503244
13,17,-7.317761624153488,-6.937733448781157,-9.152713599393408,-3.8873197861244746,0.030276318334177467,0.02278483255093274,0.007491485783244729
13,18,-9.22258562125194,-5.384964803524205,-8.635291721075912,-3.3129430609415538,0.03010839688544352,0.02278285638064857,0.007325540504794951
13,19,-10.177896105110245,-6.529748597294148,-7.839609124463271,-5.905458967241911,0.031136565126391576,0.022783702387793394,0.008352862738598182
14,0,-9.090509159079467,-5.9876680490905105,-8.336972929115639,-3.8065918863531234,0.030372808802482536,0.02278327339809226,0.007589535404390276
14,1,-7.7244095951497656,-5.136040917966318,-8.264440066360777,-3.254521185568415,0.030304727640731423,0.02278240761255482,0.007522320028176602
14,2,-8.837956653179766,-3.084527590475049,-9.093960331933278,-2.2431337274112857,0.21078501573389444,0.02316115757535906,0.18762385815853538
14,3,-7.016289581104434,-3.404218393755827,-8.932523891692345,-2.911061813472959,0.02974578837803961,0.02278232005695191,0.0069634683210876985
14,4,-5.682840454845986,-3.5648164522693886,-8.724147600548227,-3.5909289088752057,0.029760107454516092,0.022784246898583906,0.006975860555932186
14,5,-6.047613836072124,-2.781598256934945,-8.876253753627326,-2.6176883541811984,0.0336513332961936,0.022786423098584873,0.01086491019760873
14,6,-8.102001889004695,-4.72654024739544,-8.708434274866093,-3.0599400549149305,0.029969304325378476,0.022782412990227607,0.00718689133515087
14,7,-8.377322000717358,-4.677451533597955,-7.410177374970482,-2.516745541069877,0.3820874975951855,0.023982346603653244,0.3581051509915323
14,8,-6.789240998314883,-3.801776205551958,-9.062043491007035,-3.8609144392251715,0.03014116123679083,0.02278450539538273,0.0073566558414081
14,9,-7.338081362476354,-2.5615501626279062,-8.874395945355394,-3.7380934141950988,0.030086518328392032,0.022783728552858363,0.007302789775533669
14,10,-6.265761181345634,-5.167625303460783,-7.601004064212366,-3.6759656791556914,0.03064297697388224,0.022782478732826635,0.007860498241055607
14,11,-7.426807330959466,-6.234376831959079,-7.734006681063147,-4.592839905107321,0.03099772124789689,0.0227834902436218,0.00821423100427509
14,12,-10.350855872985123,-6.09387076275892,-8.795777399814282,-3.1473385503494486,0.03001698917008984,0.022782697611816997,0.0072342915582728415
14,13,-5.4334587477285385,-4.317416466159491,-8.862949217548392,-2.7647187479606634,0.028874432197047252,0.02278194177685615,0.006092490420191103
14,14,-8.664261734938684,-6.231380260876842,-8.009713861590967,-3.7842544535484857,0.030647160645814256,0.02278297115914983,0.007864189486664425
14,15,-5.583538362220401,-3.705138711165942,-8.816479904118808,-2.313547491198709,0.16142423490787744,0.023043677467500467,0.13838055744037697
14,16,-7.304307672323011,-4.2585885474665615,-8.230167398733226,-3.024269002415716,0.031003726757369777,0.022782767319190943,0.008220959438178833
14,17,-8.976122509393958,-5.390568671703987,-8.833629220837297,-2.9445761021765953,0.030005385650492097,0.022782364071094106,0.007223021579397991
14,18,-5.504316865865409,-3.173184686853353,-9.039409276021155,-2.297337832403543,0.12976660281412056,0.022957337500324453,0.1068092653137961
15,0,-4.1622434712454695,-2.5063997768740105,-9.228517276307405,-2.5513209642578674,0.06218490646870127,0.022797928819726,0.039386977648975266
15,1,-7.275109856982753,-6.4955494716848925,-8.523106998451913,-2.9678390858072756,0.03012312724596221,0.022782146405803328,0.00734098084015888
15,2,-7.71291492695394,-4.5808253656237135,-8.914246631349403,-3.3319196210984536,0.029986934527961688,0.022783375949394488,0.0072035585785672
15,3,-7.765324977513005,-7.217384238842003,-7.979057864602696,-2.9037344911313467,0.03532139592277108,0.022788260432441376,0.012533135490329705
15,4,-9.138504418935291,-4.854836573887065,-8.297160523150161,-4.18505632817601,0.030469717928905706,0.022783551766247846,0.007686166162657861
15,5,-8.445406579405166,-5.671719612086739,-8.006556433327383,-4.484036624200897,0.030717789448052715,0.02278351898825331,0.007934270459799404
15,6,-5.666099612488057,-3.2122241496180672,-8.62055019740404,-2.678407044704926,0.033627201512441904,0.022786346515447326,0.010840854996994578
15,7,-9.238533164848068,-5.408369192450701,-8.86451378020133,-2.956763945413592,0.029972534746120973,0.02278240306638343,0.007190131679737543
15,8,-9.233761714369379,-5.5672596434715835,-8.902433191210063,-2.1483685816274116,0.9861164950741277,0.02824119175662477,0.9578753033175029
15,9,-9.300058699257502,-7.397324418584114,-7.917555125559621,-3.674290961935296,0.030862857168471522,0.022782880258498873,0.008079976909972648
15,10,-6.73969850808947,-5.897907723368592,-8.605129477269065,-3.8519252974217446,0.030185334267399916,0.02278446031702271,0.007400873950377206
15,11,-8.222411148040285,-6.736219285862761,-8.519096799296948,-2.248644070721066,0.5985010823993302,0.025018119655788627,0.5734829627435416
15,12,-7.716958669972588,-7.08031401847661,-8.63859772144906,-3.2781882200223875,0.029973867438647286,0.022782866007403802,0.007191001431243484
15,13,-4.008853570534273,-3.9634791576882034,-8.688943274999856,-2.8169054567637666,0.031794484403034035,0.0227949231238121,0.008999561279221933
15,14,-6.735407733350794,-2.4384837704595426,-9.490349354288092,-2.748879050007078,0.029620735997008946,0.022782429981720132,0.006838306015288814
15,15,-8.632971167025449,-6.651664171187252,-7.511244118997696,-5.033867980846347,0.03179521136948535,0.02278351473627597,0.00901169663320938
15,16,-5.650083881902301,-2.308616478560659,-9.120600064625341,-3.0998247276171176,0.034660852391008995,0.022782300284281517,0.011878552106727478
15,17,-10.54281527190035,-5.6855228713009245,-8.084965851498524,-4.237521884411755,0.030660968973425427,0.022783379945288687,0.00787758902813674
15,18,-8.173537808319754,-5.714857550494342,-8.671251893183005,-2.6234486419079404,0.03686149692295611,0.022790383863213606,0.014071113059742502
15,19,-5.459468406319324,-3.584072473154495,-9.0518502384237,-2.2452344935621067,0.21566392517778601,0.023195144992067405,0.1924687801857186
16,0,-7.65621263495542,-3.5912537920003786,-8.90509784454737,-4.024867379833543,0.030230886157467177,0.022784158947236694,0.0074467272102304825
16,1,-9.878677461115853,-8.501940773621323,-7.953614023022541,-5.253283453462275,0.030915797511820414,0.0227836856228358,0.008132111888984613
16,2,-3.5534075478395026,-2.33997438323361,-9.612765721408046,-2.0029178367981464,2.305615167940406,0.04636812330763888,2.259247044632767
16,3,-6.251041040593838,-2.305832067917308,-8.72259604348308,-2.8139775854607567,0.03198078614517005,0.022782441795873007,0.00919834434929704
16,4,-7.681244116845838,-6.568956320558873,-8.812190637091856,-2.2349032822375534,0.39330242902585705,0.02387579186462595,0.3694266371612311
16,5,-8.796515418436828,-7.493880408818818,-8.365911738136825,-4.188789675776419,0.030428790642847592,0.022783677594687492,0.007645113048160099
16,6,-7.08086554113869,-5.4243420429783935,-8.797731739155825,-2.8000452673484797,0.030131072709256065,0.022782284587544586,0.00734878812171148
16,7,-5.532321895989947,-5.3151889059398165,-9.055588236157178,-2.890263654789824,0.029105796871769722,0.0227844770989058,0.006321319772863921
16,8,-7.218815516070479,-3.98739992385281,-9.1662761941564,-3.0031076639697543,0.029690204445538736,0.022782925851691106,0.00690727859384763
16,9,-5.283523925051268,-4.036979745449919,-8.304963381794174,-2.1898693593054026,1.8583432429231017,0.0409680329294165,1.8173752099936853
16,10,-7.108804062033524,-5.815237394300554,-8.451336750150913,-2.586633760801825,0.04660777482598309,0.022804933615276038,0.023802841210707054
16,11,-6.259176440486993,-4.24407689865386,-9.260434128253273,-2.9155315223745917,0.02938353946303158,0.02278317104890526,0.006600368414126319
16,12,-5.704054566129042,-4.053321951027749,-9.371944894377233,-2.3159163114945445,0.06361666209490187,0.02282968734015081,0.04078697475475106
16,13,-9.222809021801815,-8.280545593809167,-8.271472156678225,-4.643457658548126,0.030554638366401134,0.022783802503031168,0.007770835863369966
16,14,-6.619292939673862,-3.065058980489707,-9.61677148805195,-2.0495710484270027,0.9609182344894136,0.028172035318789222,0.9327461991706244
16,15,-5.279290225602541,-4.631961075042927,-8.780860575741157,-2.723528794571365,0.02885953431632871,0.022781802676356763,0.006077731639971946
16,16,-7.236343683676988,-5.055866213560127,-8.676840961212047,-3.832785568854006,0.030185858992916825,0.022784050359206307,0.007401808633710517
16,17,-7.510280104075311,-4.202425996880738,-9.926818584635921,-2.4871169098231802,0.02984963836488457,0.022783110776375307,0.007066527588509265
17,0,-4.2413333069759025,-4.6872865864755155,-7.837081542219592,-2.7797979919232207,0.030671156470270043,0.022783001744569133,0.00788815472570091
17,1,-8.922525828372338,-6.150522023176226,-8.586195018125832,-3.8923947460334336,0.03029830549118612,0.022783660615186125,0.007514644875999996
17,2,-9.512423815248862,-6.268302128825866,-8.861417842910651,-4.425430557713313,0.030358977580104213,0.022784245446033927,0.007574732134070287
17,3,-4.053179036488703,-3.054206244207995,-9.490424345073038,-2.066726915793884,0.9450963411862315,0.028144157917119366,0.9169521832691122
17,4,-7.565534529815602,-2.9390745764866235,-9.581789857665136,-2.1265593050106055,0.3450015299761985,0.023650732421884285,0.32135079755431417
17,5,-6.789099917385785,-3.9075745246324356,-9.022501398664975,-2.5914519046363345,0.03273705598717237,0.022785379486589503,0.00995167650058287
17,6,-7.653081496002359,-6.15350767971369,-8.682605625276071,-4.333485652935431,0.03034209873802853,0.022784373652045053,0.007557725085983475
17,7,-6.395888037866853,-6.359187569541341,-8.735874132612155,-3.1586921719018886,0.029589080628015026,0.022783256751086146,0.006805823876928879
17,8,-10.042147579702677,-6.752599011399323,-8.07720655068976,-4.392222062975907,0.030683948174424554,0.022783477220781417,0.007900470953643136
17,9,-5.343696263356457,-1.7550239659604814,-9.57723054239817,-2.062241260937277,4.0998934393855935,0.3385517319201679,3.7613417074654256
17,10,-8.750951714652208,-7.208345279370947,-8.460428845572347,-3.988137050492731,0.030350829949044433,0.022783632152346876,0.007567197796697556
17,11,-7.150364338807707,-6.831641589780675,-8.079485094350762,-4.119337275401529,0.030438154419732726,0.022783609031680998,0.007654545388051728
17,12,-8.011358770538953,-6.0240796849623734,-9.075257740454521,-3.284753986617191,0.029992158470750582,0.02278352855887122,0.007208629911879361
17,13,-6.540535122696576,-5.013260434209348,-8.861703632752512,-2.8869430792929007,0.029440540965702748,0.022782133358681858,0.00665840760702089
17,14,-6.57794074919735,-4.62160450810845,-8.690171857845622,-2.8381042865511312,0.02998173730246001,0.022782111542339348,0.007199625760120662
17,15,-6.028848540720326,-3.905440511411566,-8.25774903773764,-3.3568268378737995,0.029676882040512092,0.02278247937227586,0.006894402668236231
17,16,-5.239139012678263,-2.76560961647379,-9.12488864150184,-2.2741331264578744,0.1424473567916767,0.022982164473790357,0.11946519231788634
18,0,-7.143282057371558,-5.620609621190798,-9.051955324408699,-2.7409122679828863,0.029823925382607062,0.022782273824351666,0.007041651558255396
18,1,-6.595519332365076,-4.749658527947821,-8.598526266860983,-3.100001714611788,0.029637312038624995,0.02278235750758118,0.006854954531043813
18,2,-4.808524989205679,-5.08830857290004,-8.24250596533668,-2.693196253319167,0.03167718229321523,0.022784474923913903,0.008892707369301325
18,3,-6.123272931186619,-5.520550946378215,-8.642322775383684,-2.355790991006082,0.14443220142731575,0.023009665350260933,0.12142253607705482
18,4,-5.438543313290722,-4.351936293400328,-8.337649230876192,-2.9667464639258485,0.029049238301926884,0.022781361970847,0.006267876331079884
18,5,-4.771863025315763,-3.718673973749058,-9.56038262543084,-3.2336711391806285,0.030946314465438912,0.022789746529706827,0.008156567935732086
18,6,-7.36264675993178,-5.624583126924753,-9.055292872430035,-3.496325479003065,0.030091309517378456,0.022784127477205575,0.007307182040172881
18,7,-5.150500753714191,-6.12297195387466,-8.252353258814132,-2.8762661714505517,0.028334170421087566,0.022780838855201296,0.00555333156588627
18,8,-8.130940597162258,-5.662468187692518,-7.408083045114031,-3.9955431992694592,0.03221987058997971,0.022783557987176583,0.009436312602803126
18,9,-6.6393138997402,-4.472416173861655,-8.298798115042414,-2.9728160236345427,0.030588551178898513,0.022782354413488883,0.007806196765409629
18,10,-3.4144686418838988,-3.742106148507217,-7.826713439319468,-2.7480943641882196,0.03973561941768613,0.022793165696300282,0.016942453721385847
18,11,-3.839656837513553,-4.737938853714072,-8.506743192862523,-2.5337998536012774,0.03690331899922453,0.02280111866103313,0.014102200338191397
18,12,-6.3608261533460615,-5.18100175788817,-8.72424926339664,-2.8936323496182266,0.029434594616770008,0.022781927237502875,0.006652667379267133
18,13,-9.12763542927301,-4.106131269794802,-8.711521991466181,-3.0914168947258798,0.03004514229909155,0.02278249602565703,0.007262646273434519
18,14,-5.584304288832709,-4.329498417671447,-8.351273094596705,-2.7147502000799477,0.03395716423066972,0.022786800734341323,0.011170363496328394
18,15,-6.120496593164662,-4.691500527215789,-7.974296696335255,-4.033832737002698,0.03016457733338896,0.022783797054067776,0.007380780279321184
18,16,-4.200921442213577,-3.490252090009788,-7.813287550439599,-2.313404488114795,1.122112278424222,0.030552671772999144,1.0915596066512228
18,17,-7.515014682970332,-5.097130853693958,-8.27411088290173,-3.565717378924719,0.030219299047457075,0.022782932752312263,0.007436366295144811
18,18,-6.656984066336655,-6.646844865163118,-7.7273021094499255,-4.050487872401537,0.030651434762262966,0.022783212843610887,0.00786822191865208
18,19,-7.974105698036787,-6.152563885326639,-8.116359061799187,-3.1695614507127394,0.030869431611404693,0.0227826079804859,0.008086823630918793
19,0,-7.956185124376803,-4.835302704964992,-8.215430901278108,-3.243177834898107,0.030466220867971426,0.022782450696595156,0.00768377017137627
19,1,-5.538419692743879,-2.7890070610729096,-9.361146304850763,-2.534201577858947,0.031736392144710454,0.02278425260218709,0.008952139542523364
19,2,-4.998529506797165,-4.387191528518528,-8.985614681359557,-2.6654461552886644,0.028651725563544245,0.022782633294385263,0.005869092269158983
19,3,-7.449481408736556,-4.397658345393736,-8.774142421461967,-3.3689250841100677,0.029981741345661794,0.022783272938711942,0.007198468406949852
19,4,-6.9774902419729665,-5.791445103024446,-8.6288674868514,-3.007588974555179,0.029749892980598967,0.02278214817619949,0.0069677448043994755
19,5,-6.1810026301553025,-6.3678013295195015,-8.2536012169365,-3.0064560358526897,0.029741132197883713,0.022781581357849957,0.006959550840033756
19,6,-6.259296756506597,-5.305827414703769,-8.952779972854369,-3.368425984227156,0.02994421512061325,0.02278477912677271,0.00715943599384054
19,7,-5.102282100982712,-5.926210705967576,-8.769014017932545,-2.6284022366307704,0.029164338728613102,0.02278226394244946,0.006382074786163643
19,8,-5.701262353960814,-6.575951004082089,-7.562889692273456,-3.2233917216644072,0.030621792909159666,0.02278174499775419,0.007840047911405475
19,9,-6.626446091539544,-5.61507311039604,-8.68324332008117,-3.563962890376362,0.030022790770445354,0.02278415929388073,0.007238631476564623
19,10,-7.977545028288167,-5.824202700338141,-8.596067398016686,-3.05421126838979,0.030053881344259167,0.022782308130111055,0.007271573214148112
19,11,-7.027349695151204,-3.714631398131334,-8.62050151056678,-2.82419042374935,0.03089436163230378,0.022782920087434315,0.008111441544869466
19,12,-4.516245775917665,-6.192420066102616,-8.076332849388853,-3.259656930572933,0.032549784483643554,0.022803125786516797,0.009746658697126757
19,13,-5.599125355601362,-4.506179600944122,-8.859733464418383,-3.1428994857266574,0.029486212759539835,0.02278453724021124,0.006701675519328595
19,14,-5.946615603636663,-6.597443061812392,-8.056897848009523,-3.1506133842597572,0.029525651231205596,0.02278153857921002,0.006744112651995576
19,15,-4.4182591090598375,-5.512415975592871,-8.046056576577952,-2.9741536159977886,0.028979045201692828,0.022789701392558263,0.006189343809134565
19,16,-8.20936646531614,-7.133793265411363,-8.487703294772336,-3.683699627943079,0.030234356428070097,0.022783374423485114,0.0074509820045849835
19,17,-8.110776840610026,-5.423861432818595,-8.820126729504622,-3.4674766872605067,0.030090526593023758,0.022783477907356343,0.007307048685667415
19,18,-6.453055565500149,-5.859786519278924,-8.711661658207179,-3.0949803722066522,0.029514999548728413,0.022782768093889568,0.006732231454838845
19,19,-4.352955813139226,-4.096552573144615,-8.03234580088497,-2.9908385832988666,0.028333451598470494,0.02278188746068504,0.005551564137785455
20,0,-7.094274816334719,-6.239611999483226,-8.08914125516135,-3.215863974810248,0.030452406451709612,0.022782248218897374,0.007670158232812238
20,1,-7.314840997343602,-5.842756222687683,-8.489163996592382,-2.8980158144595394,0.03064128302135736,0.0227824979422783,0.00785878507907906
20,2,-4.014831359401284,-5.288106834772343,-8.295235856939671,-3.2161066498834217,0.042515632222603586,0.02285898665294939,0.019656645569654196
20,3,-5.668806137830254,-6.052901789254676,-9.162973481890054,-2.387521102887871,0.04829535672039155,0.022807580723173414,0.025487775997218135
20,4,-5.7325746657120735,-6.338367308481716,-8.014388861360088,-3.482243452801623,0.029649329693377524,0.02278349774414629,0.006865831949231235
20,5,-7.164158150586419,-7.6768650145530035,-7.987737831252043,-3.744900429409842,0.030416654396469928,0.02278296388916494,0.007633690507304988
20,6,-7.379641097304944,-7.0602844094217705,-7.368736947682463,-4.303731684711989,0.03203153715353086,0.022783404290557453,0.009248132862973407
20,7,-4.858486755090192,-6.474854159078151,-8.158721160882003,-2.794949468909203,0.028359982527897648,0.022780383856572443,0.005579598671325205
20,8,-4.7256984675098925,-4.907860665787946,-7.607425789887056,-3.2278724860206713,0.028202626819255967,0.02278102904500395,0.005421597774252017
20,9,-5.879152169065127,-6.06590162088339,-7.752430638635263,-3.158909473257473,0.030453249622898436,0.022781734376912843,0.007671515245985593
20,10,-5.736861452592171,-7.457850394842196,-8.206963527668755,-2.99683695099204,0.029136563128985347,0.02278118835038621,0.006355374778599137
20,11,-6.458955588632149,-4.9375505641403,-9.868666008704418,-2.260160494675018,0.0517362459425529,0.022810881368022874,0.028925364574530023
20,12,-7.831989626871202,-4.343593795830886,-8.502232426308398,-2.853804392635287,0.031362486766084295,0.0227833049674152,0.008579181798669094
20,13,-4.661126718982903,-3.823774149470067,-9.091962535062805,-2.343554616527072,0.07118115947631917,0.02284682925379602,0.04833433022252315
20,14,-6.018443800927081,-4.206617434508939,-8.306236419628618,-3.2770740783926557,0.02957732537734678,0.022782413436609892,0.006794911940736888
20,15,-7.040894828363782,-4.721243300414541,-8.137928043362653,-3.2588839557486593,0.030319930198125632,0.02278229162179346,0.007537638576332172
20,16,-4.783933421781155,-7.205842047777676,-7.93651399321813,-2.820306090394499,0.02881572101841061,0.02278027714047573,0.006035443877934879
20,17,-4.812812527900994,-6.708506534061758,-8.411946864395844,-2.784464707466962,0.027919869811879924,0.022782736113145435,0.005137133698734489
20,18,-4.4977983303991,-4.694346860645785,-8.3782078717347,-2.846760559607745,0.028424647570423657,0.022784907745339877,0.00563973982508378
21,0,-7.60078149496703,-5.986420507629805,-7.739610318148422,-3.8240974465879605,0.030977425693389155,0.022782922029563314,0.00819450366382584
21,1,-5.860675515175602,-4.4859740809312285,-8.121273667806678,-3.330027092621104,0.02954550073370621,0.022782294670415502,0.006763206063290707
21,2,-6.836786521545165,-7.415246525505214,-7.726637307634038,-3.5442196444330247,0.03078987992258615,0.022782523481894846,0.008007356440691303
21,3,-6.738299768929308,-5.766339485854151,-9.098873547194382,-3.218461566450722,0.029853439324235957,0.022784015893531486,0.00706942343070447
21,4,-6.7552704408557815,-8.285414562679344,-8.30568053054612,-3.093440265472197,0.0299458627912395,0.022781972900717807,0.007163889890521694
21,5,-3.2242612477107846,-6.4208922629323135,-6.658523756198222,-2.8361481497938468,0.04362811829636598,0.022881449693706236,0.020746668602659744
21,6,-5.284598989653134,-7.012820036440099,-7.812594934893568,-3.7967633543749044,0.030334900159132698,0.022787283959273524,0.007547616199859174
21,7,-3.6618686629866035,-7.670936994952281,-7.77111713831324,-2.6201313551658254,0.039253328012076164,0.02281204373919599,0.016441284272880174
21,8,-5.506035153467829,-6.142597721913624,-7.342097409590031,-4.062502195810947,0.03055430594448604,0.022783737945225747,0.007770567999260292
21,9,-5.309649326570413,-6.400751780682626,-7.409040522845614,-4.030761504368817,0.03039123802652428,0.022785066948070507,0.007606171078453773
21,10,-7.300097109160469,-6.955151341772905,-8.23638351258072,-3.5143144228903624,0.0301765746472433,0.022782849594113117,0.007393725053130181
21,11,-5.279240876070777,-7.064025060189471,-8.623857618416034,-2.9525798940030783,0.02891462764948707,0.02278476133736591,0.00612986631212116
21,12,-6.099365587140751,-7.966432205808171,-8.005212591009062,-2.9799946572697475,0.030857581177244173,0.022782288832205212,0.00807529234503896
21,13,-6.396152851207213,-6.284827303433793,-7.829512297032029,-3.1546934882187183,0.031045686469440843,0.02278245480557123,0.008263231663869615
21,14,-5.570105924586691,-6.319044477840633,-8.226748947764039,-2.8715439241593916,0.02951052928357818,0.022781153354604056,0.006729375928974123
21,15,-4.161694532538508,-6.350913385677324,-7.6894656372398575,-3.020252950548047,0.029778981447474744,0.022798524329994154,0.00698045711748059
21,16,-3.713609913575808,-5.316055028127494,-7.935478469636334,-2.6696043249535863,0.033919784908544574,0.022803678326957448,0.011116106581587126
21,17,-6.096591418626638,-5.096766596031179,-8.237873285172256,-2.7133451667124326,0.03724447528133273,0.022791459141566148,0.01445301613976658
21,18,-6.743593471605062,-8.53359922106415,-7.62700540412244,-4.395023026554629,0.03096021990382319,0.02278348051085714,0.008176739392966051
